variable,missing_n,missing_rate
ESCS,12311,0.031770814515837666
ICTAVHOM,49344,0.12734132657537922
ICTHOME,60894,0.15714823971467945
RATCMP1,48204,0.12439934553825349
Male,28,7.225918336800054e-05
GRADE,16467,0.04249614187574517
Immigrant,27846,0.07186175785947653
BELONG,28462,0.07345145989357255
Private,116448,0.3005156208870331
Urban,23467,0.06056093771774531
STRATIO,44429,0.11465725920917486
SCHSIZE,29363,0.07577665718695
Math_mean_PV,0,0.0
Reading_mean_PV,0,0.0
Science_mean_PV,0,0.0
